{
  "WeightedEnsemble": {
    "r2_test_mean": 0.2741620263660741,
    "r2_test_std": 0,
    "r2_train_mean": 0,
    "gap": 0,
    "mae": 0,
    "time": 0
  },
  "TabPFN": {
    "r2_test_mean": 0.25887414058103586,
    "r2_test_std": 0.03090057833365475,
    "r2_train_mean": 0,
    "gap": 0,
    "mae": 0,
    "time": 15893.141156435013
  },
  "BaggingSVR+": {
    "r2_test_mean": 0.23223215327192254,
    "r2_test_std": 0.019077404470044326,
    "r2_train_mean": 0.3290916081403302,
    "gap": 0.09685945486840769,
    "mae": 0.000984051635697061,
    "time": 1259.0096790790558
  },
  "MLP_Wide": {
    "r2_test_mean": 0.20573428170186586,
    "r2_test_std": 0.040081336319952414,
    "r2_train_mean": 0.30691159583216243,
    "gap": 0.10117731413029657,
    "mae": 0.0008975266664115057,
    "time": 5724.591317176819
  },
  "StackingMeta": {
    "r2_test_mean": 0.20491404212854808,
    "r2_test_std": 0,
    "r2_train_mean": 0,
    "gap": 0,
    "mae": 0,
    "time": 0
  },
  "BaggingKNN": {
    "r2_test_mean": 0.19274648772586891,
    "r2_test_std": 0.06658333378273552,
    "r2_train_mean": 0.40135735756451824,
    "gap": 0.20861086983864932,
    "mae": 0.0008893121646671595,
    "time": 1076.7345912456512
  },
  "MLP_Deep": {
    "r2_test_mean": 0.15222483432234696,
    "r2_test_std": 0.1321388070504494,
    "r2_train_mean": 0.33765408358650656,
    "gap": 0.1854292492641596,
    "mae": 0.0009084206660739116,
    "time": 5157.809701681137
  },
  "ResidualMLP": {
    "r2_test_mean": 0.13297825767607938,
    "r2_test_std": 0.11089117722061292,
    "r2_train_mean": 0,
    "gap": 0,
    "mae": 0,
    "time": 6835.974441766739
  },
  "ExtraTrees": {
    "r2_test_mean": 0.09860007026313504,
    "r2_test_std": 0.15724560283629396,
    "r2_train_mean": 0.32415025073295745,
    "gap": 0.2255501804698224,
    "mae": 0.0010677993892105545,
    "time": 1243.467736005783
  },
  "LightGBM": {
    "r2_test_mean": 0.0877141331382855,
    "r2_test_std": 0.06456149147216211,
    "r2_train_mean": 0.26831590828157265,
    "gap": 0.18060177514328715,
    "mae": 0.001267474246510909,
    "time": 872.8623020648956
  },
  "XGBoost": {
    "r2_test_mean": 0.0734686767930609,
    "r2_test_std": 0.12404941830088548,
    "r2_train_mean": 0.2889361903101421,
    "gap": 0.2154675135170812,
    "mae": 0.001235315046618841,
    "time": 918.3823504447937
  },
  "1D_CNN": {
    "r2_test_mean": 0.06026131879505945,
    "r2_test_std": 0.13835908251829904,
    "r2_train_mean": 0,
    "gap": 0,
    "mae": 0,
    "time": 8526.919438123703
  },
  "SAN_MLP": {
    "r2_test_mean": -0.31279653012563874,
    "r2_test_std": 0.6306601892627588,
    "r2_train_mean": 0,
    "gap": 0,
    "mae": 0,
    "time": 3129.821667432785
  },
  "Ridge": {
    "r2_test_mean": -1.6397031859270328,
    "r2_test_std": 1.605490995719522,
    "r2_train_mean": 0.21420196478774534,
    "gap": 1.8539051507147781,
    "mae": 0.0014325351464779296,
    "time": 785.9862675666809
  },
  "ElasticNet": {
    "r2_test_mean": -1.725710041080167,
    "r2_test_std": 1.7214235316941806,
    "r2_train_mean": 0.18413390947940106,
    "gap": 1.909843950559568,
    "mae": 0.0015256785835562113,
    "time": 820.092618227005
  },
  "PLS": {
    "r2_test_mean": -2.9877060259068235,
    "r2_test_std": 2.9478313632831856,
    "r2_train_mean": 0.2569949015351006,
    "gap": 3.244700927441924,
    "mae": 0.0012075306691367155,
    "time": 810.3235297203064
  },
  "TabNet": {
    "r2_test_mean": -29.528088071533308,
    "r2_test_std": 59.47363333089112,
    "r2_train_mean": 0,
    "gap": 0,
    "mae": 0,
    "time": 6798.496649026871
  }
}